LON,LAT,PLOTID,ERPD_LON,ERPD_LAT
101.2957311,19.58075971,0,101.2957311,19.58075971
104.2738995,19.88287563,1,104.2738995,19.88287563
102.4655111,19.68361048,2,102.4655111,19.68361048
100.1744869,20.61719668,3,100.1744869,20.61719668
101.8759075,19.63943916,4,101.8759075,19.63943916
101.3858184,20.40453737,5,101.3858184,20.40453737
103.0413608,20.7406702,6,103.0413608,20.7406702
101.8083777,19.20552035,7,101.8083777,19.20552035
100.6660643,19.80023936,8,100.6660643,19.80023936
102.3819821,19.95675871,9,102.3819821,19.95675871
101.5317278,19.99203702,10,101.5317278,19.99203702
102.5148715,19.59981899,11,102.5148715,19.59981899
101.5452033,19.09914543,12,101.5452033,19.09914543
103.1058402,20.2326302,13,103.1058402,20.2326302
100.6277295,20.04868756,14,100.6277295,20.04868756
102.7714472,19.87764803,15,102.7714472,19.87764803
104.3199073,19.73564993,16,104.3199073,19.73564993
101.3207804,17.92877292,17,101.3207804,17.92877292
100.8550583,21.15913535,18,100.8550583,21.15913535
103.134787,20.67825364,19,103.134787,20.67825364
102.3739448,20.58881227,20,102.3739448,20.58881227
101.7105539,19.88204224,21,101.7105539,19.88204224
104.4804741,20.633913,22,104.4804741,20.633913
103.9736363,19.89923448,23,103.9736363,19.89923448
101.4144821,19.02793718,24,101.4144821,19.02793718
101.23754,18.30787022,25,101.23754,18.30787022
101.039818,21.21002942,26,101.039818,21.21002942
100.5594626,20.32307622,27,100.5594626,20.32307622
104.2959435,20.72753966,28,104.2959435,20.72753966
103.2207139,20.75301737,29,103.2207139,20.75301737
101.391993,20.25515025,30,101.391993,20.25515025
101.2846696,18.44106119,31,101.2846696,18.44106119
102.1511599,19.59943946,32,102.1511599,19.59943946
101.010703,21.32243565,33,101.010703,21.32243565
100.7465892,19.93584803,34,100.7465892,19.93584803
101.9473959,20.77064114,35,101.9473959,20.77064114
101.5440525,20.95266034,36,101.5440525,20.95266034
102.6792327,20.15667481,37,102.6792327,20.15667481
104.8861912,20.08847762,38,104.8861912,20.08847762
102.5884875,20.43203573,39,102.5884875,20.43203573
104.3030116,20.326664,40,104.3030116,20.326664
104.2756398,20.76486808,41,104.2756398,20.76486808
101.3659416,20.81041303,42,101.3659416,20.81041303
104.3820032,20.61559317,43,104.3820032,20.61559317
101.4860744,19.98128441,44,101.4860744,19.98128441
101.8749499,20.53871938,45,101.8749499,20.53871938
101.1181247,17.57080519,46,101.1181247,17.57080519
104.3656496,20.65949059,47,104.3656496,20.65949059
101.1778758,21.00723572,48,101.1778758,21.00723572
102.2796133,20.62609271,49,102.2796133,20.62609271
100.9520201,20.06098255,50,100.9520201,20.06098255
100.2905107,20.55127727,51,100.2905107,20.55127727
101.462613,18.66059869,52,101.462613,18.66059869
101.2128499,21.02138187,53,101.2128499,21.02138187
104.0186048,20.23432456,54,104.0186048,20.23432456
101.4193294,19.27009354,55,101.4193294,19.27009354
104.0656744,20.59485227,56,104.0656744,20.59485227
101.1212952,20.1532058,57,101.1212952,20.1532058
102.0112912,19.90906907,58,102.0112912,19.90906907
100.7923249,20.56148939,59,100.7923249,20.56148939
104.2212231,20.53841211,60,104.2212231,20.53841211
104.4131256,20.69376199,61,104.4131256,20.69376199
104.7880145,20.08777675,62,104.7880145,20.08777675
100.1591534,20.43258532,63,100.1591534,20.43258532
103.1206409,20.36924143,64,103.1206409,20.36924143
104.162561,20.65980478,65,104.162561,20.65980478
101.4658437,18.83861928,66,101.4658437,18.83861928
100.904981,20.68861145,67,100.904981,20.68861145
101.1518519,21.4729271,68,101.1518519,21.4729271
101.7766396,19.9394879,69,101.7766396,19.9394879
101.0921472,18.41406798,70,101.0921472,18.41406798
101.0988539,17.78695396,71,101.0988539,17.78695396
103.6674169,20.28614758,72,103.6674169,20.28614758
104.9413266,20.11943928,73,104.9413266,20.11943928
101.2201831,18.58670442,74,101.2201831,18.58670442
101.9448177,21.06319118,75,101.9448177,21.06319118
101.8471583,19.20916836,76,101.8471583,19.20916836
101.1833264,21.16079319,77,101.1833264,21.16079319
102.0887923,19.3558296,78,102.0887923,19.3558296
104.3423827,20.75585977,79,104.3423827,20.75585977
102.2178236,19.55685368,80,102.2178236,19.55685368
102.299097,19.40672458,81,102.299097,19.40672458
100.4436469,20.58311038,82,100.4436469,20.58311038
102.8939583,20.98390727,83,102.8939583,20.98390727
101.131425,17.54651819,84,101.131425,17.54651819
101.4770076,18.841921,85,101.4770076,18.841921
101.8965709,19.49618017,86,101.8965709,19.49618017
101.0989159,20.15966692,87,101.0989159,20.15966692
100.5718134,20.28113583,88,100.5718134,20.28113583
100.7611852,20.83429202,89,100.7611852,20.83429202
104.6546244,19.7478794,90,104.6546244,19.7478794
101.430484,21.18956625,91,101.430484,21.18956625
103.3697504,20.32529844,92,103.3697504,20.32529844
100.9450036,20.4472021,93,100.9450036,20.4472021
104.0608195,20.85486006,94,104.0608195,20.85486006
102.4604116,20.32645633,95,102.4604116,20.32645633
104.4834557,19.89377341,96,104.4834557,19.89377341
104.5487046,19.90010677,97,104.5487046,19.90010677
101.60946,19.43251112,98,101.60946,19.43251112
104.0499161,19.95862434,99,104.0499161,19.95862434
102.2183694,19.97730188,100,102.2183694,19.97730188
101.3556908,17.80377072,101,101.3556908,17.80377072
102.7146863,19.60306159,102,102.7146863,19.60306159
104.4168179,20.67463044,103,104.4168179,20.67463044
103.5719068,20.35749516,104,103.5719068,20.35749516
101.4538383,19.36525748,105,101.4538383,19.36525748
102.4990729,20.28826183,106,102.4990729,20.28826183
103.4749712,19.97166738,107,103.4749712,19.97166738
101.2705915,19.60989325,108,101.2705915,19.60989325
102.5036529,19.57533551,109,102.5036529,19.57533551
102.9408988,20.72236162,110,102.9408988,20.72236162
102.0152662,19.40025531,111,102.0152662,19.40025531
101.0165679,19.93325598,112,101.0165679,19.93325598
102.2495394,20.85551715,113,102.2495394,20.85551715
101.0257395,20.82576858,114,101.0257395,20.82576858
100.8451298,20.9872715,115,100.8451298,20.9872715
101.7674291,19.42406315,116,101.7674291,19.42406315
100.6564891,21.03327265,117,100.6564891,21.03327265
101.8555523,19.82861177,118,101.8555523,19.82861177
101.2351014,19.69652268,119,101.2351014,19.69652268
101.841347,20.54780711,120,101.841347,20.54780711
101.7306908,20.43117659,121,101.7306908,20.43117659
101.7512304,18.76843195,122,101.7512304,18.76843195
102.7221094,20.98629545,123,102.7221094,20.98629545
102.5330144,20.29191561,124,102.5330144,20.29191561
101.3328735,20.32944534,125,101.3328735,20.32944534
102.035283,20.7593248,126,102.035283,20.7593248
101.4489809,19.56541507,127,101.4489809,19.56541507
104.9166876,20.07818444,128,104.9166876,20.07818444
102.7793983,19.68779419,129,102.7793983,19.68779419
102.4959809,19.69680925,130,102.4959809,19.69680925
101.1129682,17.499573,131,101.1129682,17.499573
101.4836387,20.95017696,132,101.4836387,20.95017696
102.6133089,19.28169624,133,102.6133089,19.28169624
104.4105509,19.97652242,134,104.4105509,19.97652242
102.411399,20.0439155,135,102.411399,20.0439155
102.3981799,20.40959533,136,102.3981799,20.40959533
101.5969196,19.86667199,137,101.5969196,19.86667199
104.0647967,20.85199991,138,104.0647967,20.85199991
101.3983306,19.04860928,139,101.3983306,19.04860928
104.1107553,20.25157296,140,104.1107553,20.25157296
100.8918031,20.39882091,141,100.8918031,20.39882091
101.5886863,19.9647154,142,101.5886863,19.9647154
104.4972144,19.63472557,143,104.4972144,19.63472557
102.4459216,19.49453202,144,102.4459216,19.49453202
104.5708581,20.02967944,145,104.5708581,20.02967944
101.0683251,20.05243725,146,101.0683251,20.05243725
100.7442818,20.62807717,147,100.7442818,20.62807717
102.175673,20.24636706,148,102.175673,20.24636706
101.4275781,19.98812117,149,101.4275781,19.98812117
103.203664,20.14293974,150,103.203664,20.14293974
101.9208334,21.1326353,151,101.9208334,21.1326353
103.3029712,20.21638597,152,103.3029712,20.21638597
101.8816238,19.76447601,153,101.8816238,19.76447601
102.8312748,21.01798766,154,102.8312748,21.01798766
101.7876931,19.85747161,155,101.7876931,19.85747161
101.0148958,21.26706101,156,101.0148958,21.26706101
102.680596,20.49468324,157,102.680596,20.49468324
101.6566977,21.18910046,158,101.6566977,21.18910046
104.0181983,19.93058992,159,104.0181983,19.93058992
100.4998488,20.18522413,160,100.4998488,20.18522413
101.5043314,19.0080911,161,101.5043314,19.0080911
101.1333324,20.08090394,162,101.1333324,20.08090394
101.3707091,20.74128265,163,101.3707091,20.74128265
104.3235429,20.72536306,164,104.3235429,20.72536306
101.6486904,19.02643574,165,101.6486904,19.02643574
102.0569742,20.13978303,166,102.0569742,20.13978303
100.6529419,20.5740057,167,100.6529419,20.5740057
104.6535089,20.22839108,168,104.6535089,20.22839108
101.9691002,20.80071131,169,101.9691002,20.80071131
101.0435654,20.26030281,170,101.0435654,20.26030281
101.77044,21.1415748,171,101.77044,21.1415748
102.5866273,19.66434766,172,102.5866273,19.66434766
103.9927102,20.18396602,173,103.9927102,20.18396602
101.3808724,18.90684403,174,101.3808724,18.90684403
101.6544827,20.78817858,175,101.6544827,20.78817858
104.3075992,20.31438101,176,104.3075992,20.31438101
101.1266158,19.70442028,177,101.1266158,19.70442028
103.2555956,20.25204939,178,103.2555956,20.25204939
104.015374,20.65940016,179,104.015374,20.65940016
102.2767474,20.452213,180,102.2767474,20.452213
104.7098245,19.89018752,181,104.7098245,19.89018752
101.3711531,18.26369711,182,101.3711531,18.26369711
102.2081049,20.97614518,183,102.2081049,20.97614518
103.0124304,20.2982485,184,103.0124304,20.2982485
101.110682,19.68888049,185,101.110682,19.68888049
101.4797226,20.56397339,186,101.4797226,20.56397339
101.1160421,19.69058172,187,101.1160421,19.69058172
103.0111047,20.66717622,188,103.0111047,20.66717622
101.5188239,19.18972182,189,101.5188239,19.18972182
104.8567595,20.0562672,190,104.8567595,20.0562672
102.1919159,19.59587872,191,102.1919159,19.59587872
101.099903,20.50117942,192,101.099903,20.50117942
100.8878825,21.25618804,193,100.8878825,21.25618804
104.4426039,20.23527918,194,104.4426039,20.23527918
100.8633328,20.16607417,195,100.8633328,20.16607417
101.4191778,20.72032572,196,101.4191778,20.72032572
102.4153103,20.13478965,197,102.4153103,20.13478965
101.5751025,18.73836285,198,101.5751025,18.73836285
101.3224104,20.34946087,199,101.3224104,20.34946087
102.0058878,19.89438351,200,102.0058878,19.89438351
102.9755164,20.80549688,201,102.9755164,20.80549688
100.7052508,19.91566212,202,100.7052508,19.91566212
103.6985342,20.35980968,203,103.6985342,20.35980968
100.7116186,21.20366671,204,100.7116186,21.20366671
102.4985712,19.65340167,205,102.4985712,19.65340167
102.1455372,20.62038268,206,102.1455372,20.62038268
102.5656723,20.58314008,207,102.5656723,20.58314008
102.3158115,20.86743201,208,102.3158115,20.86743201
101.8532094,20.28008127,209,101.8532094,20.28008127
102.6731216,20.91616959,210,102.6731216,20.91616959
104.3368128,20.76920468,211,104.3368128,20.76920468
101.8455644,20.42656728,212,101.8455644,20.42656728
102.9787842,20.26879604,213,102.9787842,20.26879604
101.2931367,20.89764653,214,101.2931367,20.89764653
102.6659059,19.66871026,215,102.6659059,19.66871026
104.9130064,20.14972592,216,104.9130064,20.14972592
103.7917453,20.14168731,217,103.7917453,20.14168731
104.2093048,20.15124285,218,104.2093048,20.15124285
100.6279401,19.63830302,219,100.6279401,19.63830302
101.5596603,21.03571631,220,101.5596603,21.03571631
101.7454174,21.1117765,221,101.7454174,21.1117765
101.4162034,20.83356642,222,101.4162034,20.83356642
101.8682626,20.09786005,223,101.8682626,20.09786005
100.549707,19.74881932,224,100.549707,19.74881932
101.955204,19.3398412,225,101.955204,19.3398412
101.0813504,19.86100256,226,101.0813504,19.86100256
101.5212901,19.68771359,227,101.5212901,19.68771359
100.8675425,21.24334826,228,100.8675425,21.24334826
102.6526494,19.44944282,229,102.6526494,19.44944282
104.4921194,19.90113413,230,104.4921194,19.90113413
100.9252026,20.15908736,231,100.9252026,20.15908736
102.0182334,19.63546187,232,102.0182334,19.63546187
103.2806223,20.66290619,233,103.2806223,20.66290619
104.3794485,19.80073995,234,104.3794485,19.80073995
102.4880819,19.98005331,235,102.4880819,19.98005331
101.984379,20.97176347,236,101.984379,20.97176347
103.929795,20.88408111,237,103.929795,20.88408111
101.8979217,19.8607759,238,101.8979217,19.8607759
103.2927476,20.23476257,239,103.2927476,20.23476257
103.8865497,20.34264734,240,103.8865497,20.34264734
102.6163133,20.43445007,241,102.6163133,20.43445007
101.4971174,19.08001771,242,101.4971174,19.08001771
104.5654444,19.96196231,243,104.5654444,19.96196231
100.8079511,20.80550532,244,100.8079511,20.80550532
102.6982934,19.97230478,245,102.6982934,19.97230478
101.2829894,17.68415317,246,101.2829894,17.68415317
104.5568211,19.66058672,247,104.5568211,19.66058672
101.0439437,20.91323875,248,101.0439437,20.91323875
101.9917919,19.53110033,249,101.9917919,19.53110033
103.1911737,20.46668896,250,103.1911737,20.46668896
102.5502847,20.61464429,251,102.5502847,20.61464429
101.3611217,20.77382381,252,101.3611217,20.77382381
102.7993151,20.84867834,253,102.7993151,20.84867834
101.3924507,20.96997892,254,101.3924507,20.96997892
101.7068199,18.99998394,255,101.7068199,18.99998394
101.678638,20.22196897,256,101.678638,20.22196897
101.6836122,21.11864361,257,101.6836122,21.11864361
103.087431,20.52405303,258,103.087431,20.52405303
102.3530182,19.74768238,259,102.3530182,19.74768238
100.7716384,21.22346752,260,100.7716384,21.22346752
102.467592,19.70238273,261,102.467592,19.70238273
102.2792235,20.01968993,262,102.2792235,20.01968993
101.7579607,19.20061778,263,101.7579607,19.20061778
101.9574718,19.5515721,264,101.9574718,19.5515721
104.77543,19.81407696,265,104.77543,19.81407696
100.8794525,20.21857609,266,100.8794525,20.21857609
101.3646027,19.34731424,267,101.3646027,19.34731424
102.1580921,19.63933409,268,102.1580921,19.63933409
102.0499247,20.0764467,269,102.0499247,20.0764467
100.7139293,20.85549145,270,100.7139293,20.85549145
103.3749163,20.26760481,271,103.3749163,20.26760481
101.3774646,18.02325302,272,101.3774646,18.02325302
100.7583233,20.05344232,273,100.7583233,20.05344232
101.5992318,20.97742166,274,101.5992318,20.97742166
101.3987968,17.85913463,275,101.3987968,17.85913463
101.8392692,19.91733741,276,101.8392692,19.91733741
102.4605507,19.68382855,277,102.4605507,19.68382855
102.9164115,19.94588497,278,102.9164115,19.94588497
104.6390843,20.04899048,279,104.6390843,20.04899048
104.7759786,20.11512021,280,104.7759786,20.11512021
100.6280684,19.83157694,281,100.6280684,19.83157694
102.094188,19.47198372,282,102.094188,19.47198372
103.9725233,20.44013953,283,103.9725233,20.44013953
103.7490398,20.23134714,284,103.7490398,20.23134714
103.7851909,20.30329706,285,103.7851909,20.30329706
100.5152772,20.30792276,286,100.5152772,20.30792276
101.8720865,20.47338593,287,101.8720865,20.47338593
103.0971744,19.90315611,288,103.0971744,19.90315611
101.8358112,19.5598981,289,101.8358112,19.5598981
101.4194703,18.99753985,290,101.4194703,18.99753985
102.6194002,19.83106659,291,102.6194002,19.83106659
100.9195164,20.0707118,292,100.9195164,20.0707118
102.4736962,19.75186156,293,102.4736962,19.75186156
101.1874851,18.18502201,294,101.1874851,18.18502201
101.3004488,18.82909899,295,101.3004488,18.82909899
104.6142775,20.10886698,296,104.6142775,20.10886698
103.740806,20.03993095,297,103.740806,20.03993095
101.5383017,20.30817122,298,101.5383017,20.30817122
102.4120568,20.65056767,299,102.4120568,20.65056767
102.8155306,19.74191829,300,102.8155306,19.74191829
102.2598042,19.53547265,301,102.2598042,19.53547265
101.1188916,17.72909863,302,101.1188916,17.72909863
101.3140455,17.71085704,303,101.3140455,17.71085704
104.0896119,20.80791185,304,104.0896119,20.80791185
104.4388349,20.73621491,305,104.4388349,20.73621491
104.4129036,19.75220021,306,104.4129036,19.75220021
103.4503401,19.95144195,307,103.4503401,19.95144195
101.7444429,19.64160991,308,101.7444429,19.64160991
101.6518239,20.13577493,309,101.6518239,20.13577493
100.7875808,20.92072466,310,100.7875808,20.92072466
102.2846343,20.79472833,311,102.2846343,20.79472833
102.43961,20.69253301,312,102.43961,20.69253301
100.8960617,19.7743273,313,100.8960617,19.7743273
101.4484508,21.08680213,314,101.4484508,21.08680213
102.4370126,19.89654402,315,102.4370126,19.89654402
101.7581023,19.53605968,316,101.7581023,19.53605968
101.7758694,19.39997416,317,101.7758694,19.39997416
101.3957133,20.58953638,318,101.3957133,20.58953638
103.2169386,20.54733188,319,103.2169386,20.54733188
101.5535681,20.98454412,320,101.5535681,20.98454412
103.8275526,20.85698647,321,103.8275526,20.85698647
104.7823388,20.16986757,322,104.7823388,20.16986757
104.1184577,20.72021876,323,104.1184577,20.72021876
104.0604346,20.38123146,324,104.0604346,20.38123146
102.6944027,19.80300061,325,102.6944027,19.80300061
101.6463371,19.50647576,326,101.6463371,19.50647576
102.620883,20.34365133,327,102.620883,20.34365133
102.8369633,20.19962258,328,102.8369633,20.19962258
101.3079138,18.98500168,329,101.3079138,18.98500168
104.1424676,20.15330404,330,104.1424676,20.15330404
103.0174501,21.02983799,331,103.0174501,21.02983799
101.2043849,18.1172884,332,101.2043849,18.1172884
103.5963242,20.64536975,333,103.5963242,20.64536975
103.7013424,20.64018012,334,103.7013424,20.64018012
102.3501621,20.71842951,335,102.3501621,20.71842951
104.4760675,20.02786553,336,104.4760675,20.02786553
103.1763047,20.88694458,337,103.1763047,20.88694458
101.3699589,18.35972298,338,101.3699589,18.35972298
103.2019165,20.30645701,339,103.2019165,20.30645701
103.8835146,20.8545727,340,103.8835146,20.8545727
103.0893561,20.71400744,341,103.0893561,20.71400744
101.7543185,20.24415254,342,101.7543185,20.24415254
100.9600162,17.64426105,343,100.9600162,17.64426105
101.3138618,20.31716835,344,101.3138618,20.31716835
101.0965443,19.87813973,345,101.0965443,19.87813973
102.0490214,20.40395746,346,102.0490214,20.40395746
101.248389,20.62907537,347,101.248389,20.62907537
102.3532805,19.53181357,348,102.3532805,19.53181357
104.2234741,20.58666971,349,104.2234741,20.58666971
100.5866181,19.83651018,350,100.5866181,19.83651018
102.6744918,19.71413122,351,102.6744918,19.71413122
100.787089,19.85615096,352,100.787089,19.85615096
101.410345,19.30148491,353,101.410345,19.30148491
100.914089,21.09515374,354,100.914089,21.09515374
104.5891161,19.85751234,355,104.5891161,19.85751234
103.3453378,20.32287717,356,103.3453378,20.32287717
101.0185852,20.30623927,357,101.0185852,20.30623927
101.6730836,20.72945302,358,101.6730836,20.72945302
101.7585004,19.23625881,359,101.7585004,19.23625881
101.6404708,19.8164058,360,101.6404708,19.8164058
101.7787425,20.05478314,361,101.7787425,20.05478314
102.1908113,20.08992505,362,102.1908113,20.08992505
100.6458188,20.2422688,363,100.6458188,20.2422688
102.6804734,20.80081809,364,102.6804734,20.80081809
101.7658876,21.06780346,365,101.7658876,21.06780346
103.1760112,19.94877544,366,103.1760112,19.94877544
103.579221,20.47153849,367,103.579221,20.47153849
103.3999396,20.4548189,368,103.3999396,20.4548189
101.9634247,19.71459043,369,101.9634247,19.71459043
101.6864758,20.28549399,370,101.6864758,20.28549399
103.0802546,20.39929116,371,103.0802546,20.39929116
101.3472007,19.46704291,372,101.3472007,19.46704291
101.263119,19.382432,373,101.263119,19.382432
102.1893228,20.66697369,374,102.1893228,20.66697369
104.3963427,20.13175807,375,104.3963427,20.13175807
104.1037757,20.52915815,376,104.1037757,20.52915815
102.2828274,20.37660935,377,102.2828274,20.37660935
104.6811567,20.0013348,378,104.6811567,20.0013348
100.9423596,21.17268189,379,100.9423596,21.17268189
102.5904398,20.24252638,380,102.5904398,20.24252638
102.5710062,19.42312589,381,102.5710062,19.42312589
104.2547525,20.49794809,382,104.2547525,20.49794809
104.1625889,19.98934528,383,104.1625889,19.98934528
101.3874093,20.08721819,384,101.3874093,20.08721819
102.1504985,20.79936683,385,102.1504985,20.79936683
101.833602,19.90357415,386,101.833602,19.90357415
102.822995,20.87175111,387,102.822995,20.87175111
104.3732932,20.81342861,388,104.3732932,20.81342861
102.4109297,19.75867996,389,102.4109297,19.75867996
100.9468886,20.78992582,390,100.9468886,20.78992582
101.9302692,20.65341428,391,101.9302692,20.65341428
101.4433033,19.15162455,392,101.4433033,19.15162455
103.2819406,19.93633041,393,103.2819406,19.93633041
104.2044209,20.03397234,394,104.2044209,20.03397234
103.8946902,20.13964409,395,103.8946902,20.13964409
104.7867684,19.95190971,396,104.7867684,19.95190971
100.8386687,20.75253484,397,100.8386687,20.75253484
101.3384551,18.90228383,398,101.3384551,18.90228383
102.0538664,19.96932985,399,102.0538664,19.96932985
101.5174854,20.50292225,400,101.5174854,20.50292225
101.0420381,20.56391016,401,101.0420381,20.56391016
101.4927016,18.37407121,402,101.4927016,18.37407121
102.9341358,19.89611227,403,102.9341358,19.89611227
101.3589458,19.62190745,404,101.3589458,19.62190745
104.2279282,20.84952574,405,104.2279282,20.84952574
101.934743,19.50113954,406,101.934743,19.50113954
102.4446506,20.66017325,407,102.4446506,20.66017325
100.9782207,17.59450336,408,100.9782207,17.59450336
101.7970387,21.02905254,409,101.7970387,21.02905254
102.0320933,20.14301783,410,102.0320933,20.14301783
100.5459507,19.71070741,411,100.5459507,19.71070741
101.52404,19.46851034,412,101.52404,19.46851034
100.9472123,20.16285613,413,100.9472123,20.16285613
101.9157917,19.81460114,414,101.9157917,19.81460114
101.935731,20.63244093,415,101.935731,20.63244093
101.2151346,18.09593436,416,101.2151346,18.09593436
102.8542285,20.62131329,417,102.8542285,20.62131329
101.1899023,17.96577544,418,101.1899023,17.96577544
101.6602658,20.91060031,419,101.6602658,20.91060031
103.3144685,19.97566506,420,103.3144685,19.97566506
102.2974608,19.72268179,421,102.2974608,19.72268179
101.1641043,17.56174365,422,101.1641043,17.56174365
101.7972959,20.12823168,423,101.7972959,20.12823168
103.9235282,20.40041945,424,103.9235282,20.40041945
102.9822581,20.45845224,425,102.9822581,20.45845224
101.0355019,20.86500022,426,101.0355019,20.86500022
100.9192814,21.27206794,427,100.9192814,21.27206794
102.748818,20.16782324,428,102.748818,20.16782324
101.4201201,19.20372338,429,101.4201201,19.20372338
101.5232742,20.73340616,430,101.5232742,20.73340616
101.2279221,19.45565898,431,101.2279221,19.45565898
103.0282342,20.44202194,432,103.0282342,20.44202194
102.7784713,20.30371875,433,102.7784713,20.30371875
100.9684798,19.84410877,434,100.9684798,19.84410877
103.2716245,20.55960183,435,103.2716245,20.55960183
101.6910829,19.20208861,436,101.6910829,19.20208861
101.8827403,19.79545204,437,101.8827403,19.79545204
101.3210873,21.04391496,438,101.3210873,21.04391496
100.8389303,20.84440611,439,100.8389303,20.84440611
101.9730257,20.81158264,440,101.9730257,20.81158264
101.518691,20.20897919,441,101.518691,20.20897919
104.1272706,20.69578269,442,104.1272706,20.69578269
100.2151269,20.47787872,443,100.2151269,20.47787872
101.7543177,20.80390259,444,101.7543177,20.80390259
102.5632937,20.3683361,445,102.5632937,20.3683361
100.7153069,20.02184289,446,100.7153069,20.02184289
101.392016,19.18168583,447,101.392016,19.18168583
103.5766791,20.0421862,448,103.5766791,20.0421862
102.0149609,19.93304649,449,102.0149609,19.93304649
100.4271916,20.50757656,450,100.4271916,20.50757656
101.3635628,17.75024888,451,101.3635628,17.75024888
104.2395185,20.22371636,452,104.2395185,20.22371636
102.0741649,19.78117803,453,102.0741649,19.78117803
101.6608452,21.06604491,454,101.6608452,21.06604491
101.4984954,20.26029572,455,101.4984954,20.26029572
101.6428818,21.11719347,456,101.6428818,21.11719347
102.0264802,21.08762827,457,102.0264802,21.08762827
103.6915579,20.63565067,458,103.6915579,20.63565067
100.8749903,20.70971013,459,100.8749903,20.70971013
101.2102577,20.67300665,460,101.2102577,20.67300665
102.7038103,20.77148667,461,102.7038103,20.77148667
104.5145931,19.71847304,462,104.5145931,19.71847304
103.8525681,20.53233048,463,103.8525681,20.53233048
101.4899002,20.72075888,464,101.4899002,20.72075888
101.3771031,18.50627157,465,101.3771031,18.50627157
101.8786057,19.84775672,466,101.8786057,19.84775672
102.908136,20.42412564,467,102.908136,20.42412564
101.5308759,21.08727665,468,101.5308759,21.08727665
100.5961994,19.5986661,469,100.5961994,19.5986661
102.1756644,19.60117286,470,102.1756644,19.60117286
102.7105747,20.69323563,471,102.7105747,20.69323563
101.7702152,19.97630686,472,101.7702152,19.97630686
101.6720311,18.94089795,473,101.6720311,18.94089795
101.3421244,19.87020432,474,101.3421244,19.87020432
102.0020309,19.67403297,475,102.0020309,19.67403297
102.2202994,20.13543322,476,102.2202994,20.13543322
101.1796349,20.28546984,477,101.1796349,20.28546984
103.616438,20.67787521,478,103.616438,20.67787521
104.6938946,19.98712522,479,104.6938946,19.98712522
101.2338716,17.814207,480,101.2338716,17.814207
104.137349,20.64050059,481,104.137349,20.64050059
102.6029075,20.68615075,482,102.6029075,20.68615075
101.4693278,20.2084203,483,101.4693278,20.2084203
103.9978544,20.01295812,484,103.9978544,20.01295812
103.1022315,20.01771291,485,103.1022315,20.01771291
103.8928953,20.48206593,486,103.8928953,20.48206593
101.4896919,18.58858719,487,101.4896919,18.58858719
103.2049262,20.5282446,488,103.2049262,20.5282446
100.8357056,21.21079209,489,100.8357056,21.21079209
104.0536965,20.57015339,490,104.0536965,20.57015339
100.6535267,20.25943124,491,100.6535267,20.25943124
104.0466789,20.08582702,492,104.0466789,20.08582702
101.5849595,20.13223984,493,101.5849595,20.13223984
101.3371737,20.75164983,494,101.3371737,20.75164983
101.2024851,19.84564945,495,101.2024851,19.84564945
104.5810328,19.72215303,496,104.5810328,19.72215303
101.4724334,20.03583521,497,101.4724334,20.03583521
100.9962427,20.34286686,498,100.9962427,20.34286686
101.3089099,19.11252745,499,101.3089099,19.11252745
